ID;Specifficity;Cluster;Term (DE);Term (EN);Level;Source;Related Term(s);"bbne_de = tolower(paste0(""\\b"",c(";"bbne_en = tolower(paste0(""\\b"",c("
1;general;Standardberufsbildpositionen;Vermeidung betriebsbedingter Belastungen für Umwelt und Gesellschaft erklären,;Explain the prevention of operational impacts on the environment and society;"Möglichkeiten zur Vermeidung betriebsbedingter Belastungen für Umwelt und Gesellschaft im eigenen Aufgabenbereich erkennen und zu deren Weiterentwicklung beitragen (neu); Zur Vermeidung betriebsbedingter Umwelt- 
belastungen im beruflichen Einwirkungsbereich beitragen (alt)
";Standardberufsbildposition neu und alt;NA;"""Vermeidung betriebsbedingter Belastungen für Umwelt und Gesellschaft"", ""(Umweltbelastung|Umweltbelastungen|Umweltverschmutzung) durch den (Ausbildungs)?betrieb(.*) erklären"", ""(vermeidung|minimierung)  (betriebsbedingter|auftragsbezogener) (.*)umweltbelastungen"",";"""Explain the prevention of operational impacts on the environment and society"","
2;general;Standardberufsbildpositionen;mögliche Umweltbelastungen erklären;Explain possible impacts on the environment;mögliche Umweltbelastungen durch den  Ausbildungsbetrieb und seinen Beitrag zum Umweltschutz an Beispielen erklären;Standardberufsbildposition alt;NA;"""mögliche Umweltbelastungen(.*) erklären"",";"""Explain possible impacts on the environment"","
3;general;Standardberufsbildpositionen;Beitrag zum Umweltschutz einhalten;Comply with the environmental protection commitment;mögliche Umweltbelastungen durch den  Ausbildungsbetrieb und seinen Beitrag zum Umweltschutz an Beispielen erklären;Standardberufsbildposition alt;NA;"""Ausbildungsbetrieb(.*) Umweltschutz (.*)erklären"",";"""Comply with the environmental protection commitment"","
4;general;Standardberufsbildpositionen;geltende Regelungen des Umweltschutzes einhalten/anwenden;Comply with/apply current environmental protection regulations;für den Ausbildungsbetrieb geltende Regelungen des Umweltschutzes einhalten/anwenden;Standardberufsbildposition alt;NA;"""Regelungen des Umweltschutzes einhalten"", ""Regelungen des Umweltschutzes anwenden"",";"""Comply with current environmental protection regulations"",""Apply current environmental regulations"","
5;general;Standardberufsbildpositionen;Möglichkeiten der wirtschaftlichen und  umweltschonenden Energie- und Materialverwendung nutzen;Exploit opportunities for the economical and environmentally friendly use of energy and materials;"Möglichkeiten der wirtschaftlichen und  
 umweltschonenden Energie- und Material- 
 verwendung nutzen";Standardberufsbildposition alt;NA;"""Möglichkeiten (.*)umwelschonenden Energie(.*) nutzen"",";"""Exploit opportunities for the economical and environmentally friendly use of energy and materials"","
6;general;Standardberufsbildpositionen;Abfall vermeiden;Avoid waster;Abfälle vermeiden;Standardberufsbildposition alt und neu;Müll, Ausschuss, Ausstoß, Verschmutzung vermeiden;"""(Abfall|Müll|Ausschuss|Verschmutzung|Ausstoß) vermeiden"",""(Müll|Abfall)(verwertung|vermeidung)"",""umweltschonende(.{0,100})Materialverwendung"",";"""Avoid (Waste|Trash|Pollution|Rubbish) "","
7;general;Standardberufsbildpositionen;umweltschonende Entsorgung zuführen;Dispose of in an environmentally friendly way;"Stoffe und Materialien einer um- 
weltschonenden Entsorgung zuführen";Standardberufsbildposition alt und neu;Müll, Ausschuss,  Ausstoß umweltschonender Entsorgung zuführen;"""umweltschonende[rn] Entsorgung (.*)zuführen"",";"""Dispose of in an environmentally friendly way"","
8;general;Standardberufsbildpositionen;wirtschaftlichen, umweltverträglichen und sozialen Gesichtspunkten der Nachhaltigkeit nutzen;Make use of  economic, environmental and social aspects of sustainability;bei Arbeitsprozessen und im Hinblick auf Produkte, Waren oder Dienstleistungen Materialien und Energie unter wirtschaftlichen, umweltverträglichen und sozialen Gesichtspunkten der Nachhaltigkeit nutzen;Standardberufsbildposition neu;NA;"""wirtschaftlichen, umweltverträglichen und sozialen Gesichtspunkten der Nachhaltigkeit nutzen"",";"""Make use of  economic, environmental and social aspects of sustainability"","
9;general;Standardberufsbildpositionen;nachhaltiges Handeln;sustainable action;Vorschläge für nachhaltiges Handeln für den eigenen Arbeitsbereich entwickeln;Standardberufsbildposition neu;NA;"""nachhaltiges Handeln"",";"""sustainable action"",""acting sustainably"","
10;general;Standardberufsbildpositionen;ökonomischen, ökologischen und sozial nachhaltigen Entwicklung zusammenarbeiten;economic, ecological and socially sustainable development;unter Einhaltung betrieblicher Regelungen im Sinne einer ökonomischen, ökologischen und sozial nachhaltigen Entwicklung zusammenarbeiten und adressatengerecht kommunizieren;Standardberufsbildposition neu;NA;"""ökonomischen, ökologischen und sozial nachhaltigen Entwicklung zusammenarbeiten"",";"""economic, ecological and socially sustainable development"","
11;general;Standardberufsbildpositionen;Lebensbegleitendes Lernen nutzen, erkennen;Use and recognize lifelong learning;"lebensbegleitendes Lernen als Voraussetzung für berufliche und persönliche Entwicklung nutzen"" ; Lern- und Arbeitstechniken sowie Methoden des selbstgesteuerten Lernens anwenden, digitale Lernmedien nutzen und Erfordernisse des lebensbegleitenden Lernens erkennen und ableiten";MFA-RLP, Standardberufsbildposition neu (digitalisierte Arbeitswelt);lebenslanges Lernen;"""lebens(langes|begleitendes) Lernen[s]? (.*)(erkennen|nutzen)"",";"""(use|recognize) (lifelong learning)"","
12;general;Standardberufsbildpositionen;gesellschaftlicher Vielfalt praktizieren;practice social diversity;Wertschätzung anderer unter Berücksichtigung gesellschaftlicher Vielfalt praktizieren;Standardberufsbildposition neu (digitalisierte Arbeitswelt);NA;"""gesellschaftlicher Vielfalt praktizieren"",";"""practice social diversity"","
13;general;Nachhaltigkeit;nachhaltigkeitsbezogene Merkmale informieren;inform sustainability-related features;Kunden über qualitäts- und preisbestimmende sowie nachhaltigkeitsbezogene Merkmale und über Verwendungsmöglichkeiten der Artikel und Sorten informieren;Kaufmann/frau-Einzelhandel- RLP;NA;"""nachhaltigkeitsbezogene Merkmale (.*)informieren"",";"""inform sustainability-related features"","
14;general;Nachhaltigkeit;Nachhaltigkeit informieren, beurteilen, berücksichtigen, unterscheiden;Inform, assess, consider, distinguish sustainability;"Kunden über Eigenschaften und Möglichkeiten der Verwendung von Waren aus  mindestens einem Warenbereich, in dem ausgebildet wird, unter Berücksichtigung von Aspekten der Nachhaltigkeit informieren ; die Gesundheits- und Umweltverträglichkeit sowie die Nachhaltigkeit von Waren beurteilen und Kunden hierüber informieren; Kennziffern der Unternehmensbewertung nutzen, daraus Maßnahmen ableiten und dabei Nachhaltigkeit berücksichtigen; Vorschläge zur Gestaltung des Warensortiments nach Auswertung warenwirtschaftlicher Daten erarbeiten, dabei insbesondere Umsatz, Handelsspanne, Qualität, Trends, Zielgruppen, Standort, Nachhaltigkeit und die Wettbewerbssituation beachten, Nachhaltigkeit von Energie- und Wasserversorgungssystemen unterscheiden und berücksichtigen; Aspekte der Ergonomie und der Nachhaltigkeit (Umweltschutz, Recyc- 
ling); betriebswirtschaftliche Zusammenhänge und Aspekte der Nachhaltigkeit bei der Aufgabenerledigung berücksichtigen;";"Kaufmann/frau-Einzelhandel- RLP, Kaufmann/frau-Einzelhandel- AO, Mechatroniker SHK-AO; Fachninformatiker:in-RLP";NA;"""Aspekte[n]? (.*)der Nachhaltigkeit (informieren)"",""Nachhaltigkeit von Waren beurteilen"", ""Nachhaltigkeit(.*)(berücksichtigen|beachten)"", ""Aspekte[n]? (.*)der Nachhaltigkeit ?!(informieren)"",";"""(Inform|assess|consider|distinguish)(.*)  (sustainability)"","
15;general;NA;berücksichtigen Gesichtspunkte der Nachhaltigkeit;consider aspects of sustainability;Sie berücksichtigen dabei die Interessen des Betriebes, unterschiedliche Bedürfnisse der Kunden und Gesichtspunkte der Nachhaltigkeit.;Kaufmann/frau Büromanagement-RLP;NA;"""berücksichtigen(.*) Gesichtspunkte der Nachhaltigkeit"",";"""consider aspects of sustainability"","
16;general;NA;Konzepte hinsichtlich ihrer Nachhaltigkeit  vergleichen;Compare concepts with regard to their sustainability;"Dazu vergleichen sie Konzepte hinsichtlich ihrer Nachhaltigkeit sowie der technischen und  
wirtschaftlichen Eignung.";Fachinformatiker:in-RLP;NA;"""vergleichen sie Konzepte hinsichtlich ihrer Nachhaltigkeit"",";"""Compare concepts with regard to their sustainability"","
17;general;Nachhaltigkeit;Umsetzung betrieblicher Nachhaltigkeitsziele beitragen;Contribute to the implementation of corporate sustainability goals;"zur Umsetzung betrieblicher Nachhaltigkeitsziele 
beitragen";Kaufmann/frau-Einzelhandel- AO,;NA;"""Umsetzung betrieblicher Nachhaltigkeitsziele beitragen"",";"""Contribute to the implementation of corporate sustainability goals"","
18;general;Nachhaltigkeit;Berücksichtigung der Handlungsstrategie Suffizienz, Konsistenz und Effizienz;Consideration of the action strategy sufficiency, consistency and efficiency;Sie berücksichtigen in ihrer beruflichen Tätigkeit die Handlungsstrategien Suffizienz, Konsistenz und Effizienz.;Modellversuchsforschung;NA;""" berücksichtigen (.*) Handlungsstrategien Suffizienz, Konsistenz und Effizienz"",";"""Consider(|ation of)(.*) action strategy sufficiency, consistency and efficiency"","
19;general;Nachhaltigkeit;Vorschläge eines Geschäftsmodell hin zu  nachhaltigem Wirtschaften formulieren;Formulate proposals of a business model towards sustainable management;Sie formulieren Vorschläge, wie ein Geschäftsmodell hin zu nachhaltigem Wirtschaften verändert werden kann.;Modellversuchsforschung;NA;"""formulieren Vorschläge (.*) Geschäftsmodell (.*) nachhaltigem Wirtschaften"",";"""Formulate proposals of a business model towards sustainable management"","
20;general;Nachhaltigkeit;Nachhaltigkeit in Unternehmensleitbildern beurteilen;Asses sustainability in corporate mission statements;"Sie beurteilen inwiefern Nachhaltigkeit eine Rolle im Unternehmensleitbild spielt; Sie erklären, was unter Greenwashing zu verstehen ist.";Modellversuchsforschung;NA;"""beurteilen(.*) Nachhaltigkeit (.*) Unternehmensleitbild"", ""erklären (.*) Greenwashing"",";"""Asses sustainability in corporate mission statements"","
21;general;Nachhaltigkeit;Anforderungen der Nachhaltigkeitsberichtserstattung;Sustainability reporting requirements;Sie erklären die Anforderungen der Nachhaltigkeitsberichtserstattung und deren Auswirkungen auf ihr eigenes berufliches Handeln.;Modellversuchsforschung;NA;"""erklären die Anforderungen der Nachhaltigkeitsberichtserstattung"",";"""(explain|explanation of)(.*) Sustainability reporting requirements"","
22;general;Kultur, Ethik;Ethische Anforderungen eines Dienstleistungsberufes beachten, darstellen;Observe and present ethical requirements of a service profession.;"""Sie beachten dabei den für das eigene Handeln relevanten rechtlichen Rahmen sowie die sozialen und ethischen Anforderungen"" ""soziale Aufgaben eines medizinischen Dienstleistungsberufes und ethische Anforderungen darstellen""; Dabei berücksichtigen sie die konjunkturelle Situation und gesamtwirtschaftliche Faktoren (Demografie, außenwirtschaftliche Entwicklungen) und gesellschaftliche Verantwortung (Inklusion, Migration).";MFA-RLP;NA;"""soziale(.*)ethische Anforderungen darstellen"",""beachten (.*)ethische Anforderungen"", ""berücksichtigen (.*) gesellschaftliche Verantwortung"",";"""(Observe|present)(.*)(ethical requirements of a service profession)"","
23;general;Kultur, Ethik;kulturelle Identitäten bzw. Hintergründe beachten, berücksichtigen, einschätzen;Observe, consider and assess cultural identities and backgrounds;"Gespräche situationsgerecht führen, verschiedene kulturelle Identitäten bei der Kommunikation beachten Vorstellungen und Bedarf von Kunden ermitteln, Um- 
feld und kulturelle Hintergründe des Kunden einschätzen; Sie zeigen im Umgang mit in- und ausländischen Kunden Empathie für kulturbedingte Besonderheiten; Wertschätzung, Respekt und Vertrauen als Grundlage kundenorientierten Verhaltens und erfolgreicher Zusammenarbeit berücksichtigen, kulturelle Identitäten berücksichtigen";"Elektroniker:in-AO; Kaufmann/frau Büromanagement-RLP; Fachkraft für Veranstaltungstechnik";NA;"""kulturelle Identitäten (.*)(beachten|berücksichtigen)"", ""kulturelle Hintergründe (.*)einschätzen"",""zeigen (.*) Empathie für kulturbedingte Besonderheiten"",";"""(Observe|consider|assess)(.*)(cultural identities and backgrounds)"","
24;general;Kultur, Ethik;gesellschaftlicher Vielfalt praktizieren;practice social diversity;"gegenseitige Wertschätzung unter Berücksichtigung 
gesellschaftlicher Vielfalt bei betrieblichen Abläufen 
praktizieren";Fachinformatiker-AO;NA;"""gesellschaftliche(r)? Vielfalt(.*)praktizieren"",";"""practice social diversity"","
25;general;Dimensionen der Nachhaltigkeit (Ökologie, Ökonomie, Sozial);gesellschaftliche, ökonomische und ökologische Anforderungen;social, economic and ecological requirements;"Sie respektieren gesellschaftliche, ökonomische und ökologische Anforderungen und leiten daraus eigene Wertvorstellungen ab; artikulieren dabei eigene Wertvorstellungen.";"KFZ-Mechatroniker-RLP, Fachkraft für Veranstaltungtechnik-RLP; Kaufmann/frau Büromanagement-RLP";NA;"""gesellschaftliche, ökonomische und ökologische Anforderungen"",";"""social, economic and ecological requirements"","
26;general;Dimensionen der Nachhaltigkeit (Ökologie, Ökonomie, Sozial);leiten daraus eigene Wertvorstellungen ab;derive their own values;"Sie respektieren gesellschaftliche, ökonomische und ökologische Anforderungen und leiten daraus eigene Wertvorstellungen ab; artikulieren dabei eigene Wertvorstellungen.";"KFZ-Mechatroniker-RLP, Fachkraft für Veranstaltungtechnik-RLP; Kaufmann/frau Büromanagement-RLP";NA;"""leiten daraus eigene Wertvorstellungen ab"", ""artikulieren dabei eigene Wertvorstellungen"",";"""derive their own values"","
27;general;Dimensionen der Nachhaltigkeit (Ökologie, Ökonomie, Sozial);Materialien vor ökonomischem und ökologischem Hintergrund vergleichen;Compare materials against an economic and ecological background;"""Vor ökonomischem und ökologischem Hintergrund vergleichen die Schülerinnen und Schüler verschiedene Materialien.""";MFA-RLP;NA;"""vor ökonomischem und ökologischem Hintergrund vergleichen"",";"""Compare materials against an economic and ecological background"","
28;general;Dimensionen der Nachhaltigkeit (Ökologie, Ökonomie, Sozial);"technologische, ökologische und ökonomische Ei- 
genschaften";technological, ecological and economic properties;"technologische, ökologische und ökonomische Eigenschaften von Energie- und Brennstoffarten sowie von Materialien, Werk- und Hilfsstoffen bei Planung, Bau, Betrieb und Entsorgung berücksichtigen; Aufträge entgegennehmen und unter Beachtung ökonomischer, ökologischer und terminlicher Vorgaben kundengerecht ausführen; Baustellen, insbesondere nach ökonomischen, ergonomischen und ökologischen Erfordernissen, einrichten, unterhalten und räumen; Arbeitsschritte und -abläufe nach ökonomischen und ökologischen Kriterien festlegen und dokumentieren; Dabei berücksichtigen sie ökonomische und ökologische Gesichtspunkte; Sie entscheiden sich entsprechend regionaler Voraussetzungen für einen Brennstoff unter Beachtung ökologischer und wirtschaftlicher Aspekte.; Kriterien für soziale, ökonomische und ökologische Produktionsbedingungen;";"Anlagenmechaniker SHK-AO; Modellversuchsforschung";NA;"""ökologische(.*)(ökonomische|wirtschaftliche)(.*) (Eigenschaften|Vorgaben)"", ""ökonomischen(.*) ökologischen (Erfordernissen|Kriterien)"", ""Kriterien für soziale, ökonomische und ökologische Produktionsbedingungen"",";"""technological, ecological and economic properties"","
29;general;Dimensionen der Nachhaltigkeit (Ökologie, Ökonomie, Sozial);ökonomisch und ökologisch  Auswahl begründen, ökonomisch und ökologisch  Entscheidung treffen,;Justify economic and ecological selection, make economic and ecological decision;"""Sie analysieren und vergleichen Angebote unter qualitativen und quantitativen Aspekten und treffen eine ökonomisch und ökologisch begründete Auswahl zur Vorbereitung von Kaufentscheidungen"". 
";MFA-RLP;NA;"""ökonomisch und ökologisch begründete (Auswahl|Entscheidung)"",";"""Justify economic and ecological selection"",""make economic and ecological decision"","
30;general;Dimensionen der Nachhaltigkeit (Ökologie, Ökonomie, Sozial);ökonomischen und ökologischen Zielsetzungen erläutern;explain economic and ecological goals;Sie erläutern das Unternehmensleitbild, die ökonomischen und ökologischen Zielsetzungen sowie die gesamtge sellschaftliche Verantwortung des Unternehmens.;Kaufmann/frau-Einzelhandel- RLP;NA;"""erläutern (.*)ökologischen Zielsetzungen"",";"""explain economic and ecological goals"","
31;general;Dimensionen der Nachhaltigkeit (Ökologie, Ökonomie, Sozial);ökologische und ökonomische Aspekte berücksichtigen, analysieren;consider and analyze ecological and economical aspects;Sie berücksichtigen  energietechnische, ökologische und ökonomische Aspekte. Sie analysieren und klassifizieren Möglichkeiten der Elektroenergieversorgung nach funktionalen, ökonomischen und ökologischen Aspekten. Sie bemessen die Komponenten und wählen diese unter funktionalen, ökonomischen und ökologischen Aspekten aus.;Elektroniker:in-RLP;NA;"""berücksichtigen(.*) ökologische und ökonomische Aspekte"", ""analysieren (.*)ökologische[n]? Aspekte[n]?"", ""wählen (.*)ökologische[n]? Aspekte[n]?"",";"""(consider|analyze) (ecological and economical aspects)"","
32;general;Dimensionen der Nachhaltigkeit (Ökologie, Ökonomie, Sozial);datenschutzrechtliche, moralische und wirtschaftliche Aspekte berücksichtigen;consider data protection, moral and economic aspects;"Die Schülerinnen und Schüler berücksichtigen datenschutzrechtliche, morali- 
sche und wirtschaftliche Aspekte.";Fachinformatiker:in-RLP;NA;"""berücksichtigen (.*)(moralische|wirtschaftliche)(.*)Aspekte"",";"""consider data protection, moral and economic aspects"","
33;general;Dimensionen der Nachhaltigkeit (Ökologie, Ökonomie, Sozial);Ökologische Folgen analysieren;Analyze ecological impacts;Sie wägen aufgrund von Herstellervorgaben und Kundenwunsch zwischen zeitwertgerechter Wiederverwendung, Überarbeitung oder Austausch (Entsorgung, Recycling, Austauschteile, Qualitätsvorgaben, Lohn- und Ersatzteilkosten) ab und können Folgen für die Umwelt bei Nichtbeachtung (Unfallverhütungsvorschriften, Gesundheitsgefährdung, ökologische Folgen) analysieren.;KFZ-Mechantroniker_RLP;NA;"""(Folgen für die Umwelt|ökologische Folgen)(bei Nichtbeachtung)? (.*)analysieren"",";"""Analyze ecological impacts"","
34;general;Dimensionen der Nachhaltigkeit (Ökologie, Ökonomie, Sozial);Ökologischer Maßnahmen planen;Plan ecological measures;"Arbeitsabläufe kunden- und serviceorientiert 
unter Beachtung wirtschaftlicher, 
ökologischer, organisatorischer und 
ergonomischer Maßnahmen planen, 
vorbereiten und gestalten; Arbeitsergebnisse 
kontrollieren";Friseur:in-AO;NA;"""ökologischer (.*)Maßnahmen planen"",";"""Plan ecological measures"","
35;general;Dimensionen der Nachhaltigkeit (Ökologie, Ökonomie, Sozial);Organisations- und Arbeitsmittel wirtschaftlich und ökologisch einsetzen;Use organizational and work resources economically and ecologically;Organisations- und Arbeitsmittel wirtschaftlich und ökologisch einsetzen;Industriekaufmann/frau-AO;NA;"""Arbeitsmittel (.*)ökologisch einsetzen"",";"""Use organizational and work resources economically and ecologically"","
36;general;Dimensionen der Nachhaltigkeit (Ökologie, Ökonomie, Sozial);Bezug auf Wirtschaftlichkeit und  Ökologie diskutieren;Discuss with regard to economic efficiency and ecology;Sie reflektieren den Arbeitsprozess hinsichtlich möglicher Optimierungen und diskutieren das Ergebnis in Bezug auf Wirtschaftlichkeit und Ökologie. (Fachinformatiker_RLP, S. 14: 1209) RLP - A3;Fachinformatiker-RLP;NA;"""diskutieren (.*)Ökologie"",";"""Discuss with regard to economic efficiency and ecology "","
37;general;Dimensionen der Nachhaltigkeit (Ökologie, Ökonomie, Sozial);Wirtschaftliche, berufliche und soziale Auswirkungen aufzeigen;Demonstrate economic, professional and social impact;"technologische Entwicklungstrends von IT-Systemen 
feststellen sowie ihre wirtschaftlichen, sozialen und 
beruflichen Auswirkungen aufzeigen";Fachinformatiker:in-AO;NA;"""soziale[n] (.*) Auswirkungen aufzeigen"",";"""Demonstrate economic, professional and social impact"","
38;general;Umwelt…;Umweltgerechte Wiederverwertung nutzen;Use environmentally friendly recycling;"""Sie nutzen Möglichkeiten der Energieeinsparung und planen die umweltgerechte Wiederverwertung und Entsorgung von Materialien und Geräten entsprechend den rechtlichen Vorschriften.""";MFA-RLP;"""führen die Resstoffe und Abfälle einer uweltgerechten Entsorgung zu""";"""planen die umweltgerechte Wiederverwertung"",""führen (.{0,100})umweltgerechten Entsorgung zu"",";"""Use environmentally friendly recycling"","
39;general;Umwelt…;bedarfs- und umweltgerechte Versorgung  planen;Plan supply in line with demand and the environment;"""Sie planen die bedarfs- und umweltgerechte Versorgung der Praxis mit Waren"".";MFA-RLP;NA;"""bedarfs- und umweltgerechte Versorgung (.*) planen"",";"""Plan supply in line with demand and the environment"","
40;general;Umwelt…;Umweltschonende Verfahren einsetzen;Use environmentally friendly processes;"Für die Anwendung von Hygienemaßnahmen bei Herstellung, Lagerung und Verkauf leiten sie hygienisches Verhalten im Umgang mit Lebensmitteln ab und setzen umweltschonende Verfahren ein; wirtschaftlichen und umweltschonenden Umgang mit Ener-  
gieträgern beschreiben; Betriebsmittel unter umweltschonenden und wirtschaftlichen  Gesichtspunkten auswählen und verwenden; mit Energieträgern umweltschonend und kostensparend umgehen; Sie nutzen die Möglichkeiten der wirtschaftlichen und umweltschonenden Materialverwendung.";"Bäcker:in-RLP, Gärtner:in-AO; Kaufmann/frau Büromanagement-RLP";NA;"""setzen umweltschonend[e]?"", ""umweltschonenden Umgang (.*) beschreiben"", ""Betriebsmittel (.*) umweltschonend(|en)(.*) auswählen"", ""umweltschonend (.*)umgehen"",";"""Use environmentally friendly processes"","
41;general;Umwelt…;bei der Auswahl von Betriebsmitteln unter umweltschonenden Gesichtspunkten mitwirken;assist in the selection of operating resources from an environmentally friendly point of view;bei der Auswahl von Betriebsmitteln unter umweltschonenden und wirtschaftlichen Gesichtspunkten mitwirken;Gärtner:in-AO;NA;"""Auswahl (.*) umweltschonenden Gesichtspunkten (.*) mitwirken"",";"""assist in the selection of operating resources from an environmentally friendly point of view"","
42;general;Umwelt…;Umweltverträglichkeit  vergleichen, beurteilen;Compare and assess environmental compatibility;"Sie vergleichen Beton mit anderen Baustoffen im Hinblick auf Ästhetik, Tragfähigkeit, Haltbarkeit, Reparaturfreundlichkeit und Umweltverträglichkeit; die Gesundheits- und Umweltverträglichkeit sowie die Nachhaltigkeit von Waren beurteilen und Kunden hierüber informieren; Sie analysieren bestehende Systeme und beurteilen diese hinsichtlich Leis- 
tung, Kompatibilität, Ergonomie sowie elektromagnetischer und Umweltverträglichkeit; Sie wählen die verschiedenen Packmittel und -hilfsmittel nach ihren Eigenschaften und Einsatzmöglichkeiten aus und berücksichtigen dabei Güter- und Transportart, Transportweg, Umweltverträglichkeit und Wirtschaftlichkeit.";"Zimmerer:in-RLP, Kaufmann/frau-Einzelhandel-AO; Elektroniker:in-RLP; Fachkraft für Lagerlogistik-RLP";NA;"""(vergleichen|berücksichtigen) (.*)Umweltverträglichkeit"", ""Umweltverträglichkeit (.*)beurteilen"", ""beurteilen (.*)Umweltverträglichkeit"",";"""(Compare|assess) (environmental compatibility)"","
43;general;Umwelt…;Umweltgerecht reinigen, lagern;Clean and store environmentally friendly;"Anlagen und Systeme nach Wartungsplänen warten, 
Wartungsprotokolle erstellen, Anlagenteile und Rohrleitungen umweltgerecht reinigen; Betriebsstoffe sach- und umweltgerecht lagern";Anlagenmechaniker SHK -AO;NA;"""umweltgerecht reinigen"", ""umweltgerecht lagern"",";"""(Clean|store) (environmentally friendly)"","
44;general;Umwelt…;Folgen für die Umwelt analysieren;Analyze consequences for the environmen;"Sie wägen aufgrund von Herstellervorgaben und Kundenwunsch zwischen zeitwertgerechter Wiederverwendung, Überarbeitung oder Austausch (Entsorgung, Recycling, Austauschteile, Qualitätsvorgaben, Lohn- und Ersatzteilkosten) ab und können Folgen für die Umwelt bei Nichtbeachtung (Unfallverhütungsvorschriften, Gesundheitsgefährdung, ökologische Folgen) analysieren;";KFZ-Mechatroniker-RLP;NA;"""Folgen für die Umwelt (.*) analysieren"",";"""Analyze consequences for the environment"","
45;general;Umwelt…;leiten umweltgereche Entsorgung ein, durchführen, veranlassen;initiate, carry out and arrange for environmentally friendly disposal;"Demontage, Abtransport und umweltgerechte Entsorgung von Ver- und Entsorgungsanlagen durchführen und veranlassen; Die Schülerinnen und Schüler bereiten die Wartungs-, Inspektions- und Instandsetzungsarbeiten an Maschinen und Technischen Systemen vor und führen diese unter Beachtung der Vorschriften zum Umweltschutz (Entsorgungsvorschriften) und zum Umgang mit gesundheitsgefährdenden Stoffen durch.";"Anlagenmechaniker SHK- AO; Fachkraft für Veranstaltungstechnik";NA;"""umweltgerechte Entsorgung (.*)durchführen"", "" führen (.*) Entsorgungsvorschriften (.*) durch"", ""leiten (.*) umweltgerechte Entsorgung ein"",";"""(initiate|carry out|arrange) (for environmentally friendly disposal)"","
46;general;Umwelt…;über mögliche Umweltbelastungen Auskunft geben und  bei Maßnahmen zu deren Vermeidung und Verminderung  mitwirken;provide information on possible environmental pollution and assist in measures to avoid and reduce it;"über mögliche Umweltbelastungen Auskunft geben und  
bei Maßnahmen zu deren Vermeidung und Verminderung  
mitwirken";Gärtner:in-AO;NA;"""Umweltbelastungen Auskunft geben"",";"""provide information on  environmental pollution"","
47;general;Umwelt…;"Bedeutung und Ziele des Natur- und Umweltschutzes be-  
schreiben";Describe the importance and goals of nature conservation and environmental protection;Bedeutung und Ziele des Natur- und Umweltschutzes beschreiben;Gärtner:in-AO;NA;"""Ziele des Natur- und Umweltschutzes beschreiben"",";"""Describe the goals of nature and environmental protection"","
48;general;Umwelt…;Umweltschutz bei Produktion, Reinigung und Entsorgung;Environmental protection during production, cleaning and disposal;Umweltschutz bei Produktion, Reinigung und Entsorgung;Bäcker:in-RLP;NA;"""Umweltschutz bei (Produktion|Reinigung|Entsorgung)"",";"""(Environmental protection during) (production|cleaning|disposal)"","
49;general;Umwelt…;Wartungsarbeiten unter Beachtung von Umweltschutz vorbereiten, durchführen;Prepare and carry out maintenance work in compliance with environmental protection requirements.;Die Schülerinnen und Schüler bereiten die Wartungs-, Inspektions- und Instandsetzungsarbeiten an Maschinen und Technischen Systemen vor und führen diese unter Beachtung der Vorschriften zum Umweltschutz (Entsorgungsvorschriften) und zum Umgang mit gesundheitsgefährdenden Stoffen durch.;Anlagenmechaniker SHK-RLP,;Wartungsmaßnahmen, Wartungspläne;"""führen diese unter Beachtung der Vorschriften zum Umweltschutz (.*) durch"",";"""Carry them out in compliance with environmental protection requirements"","
50;general;Umwelt…;diskutieren Alternativen und Optimierungsmöglichkeiten hinsichtlich Umweltschutz;Discuss alternatives and optimization possibilities with regard to environmental protection;Sie diskutieren Alternativen und Optimierungsmöglichkeiten hinsichtlich Wirtschaftlichkeit, technischer Machbarkeit, Umweltschutz, Arbeitsschutz und Ergonomie.;KFZ-Mechantroniker_RLP;NA;"""diskutieren (.*)Umweltschutz(es)?"", ""Umweltschutz(es)?(.*) beachten"",";"""Discuss environmental protection"",""Adhere to environmental protection"","
51;general;Umwelt…;Erfordernisse des Umweltschutzes (Abfallrechtliche Vorschriften, Umweltauswirkungen) entsprechen;Comply with environmental protection requirements (waste regulations, environmental impact);Sie entsprechen den Erfordernissen der Arbeitssicherheit (Lagerung und Transport von Pyrotechnik) und des Umweltschutzes (Abfall-rechtliche Vorschriften, Umweltauswirkungen).   Bausteine des lntegrierten Pflanzenbaues zusammenfassen und hinsichtlich ihrer umweltschützenden Bedeutung darstellen;KFZ-Mechantroniker_RLP;Abfall- und Reststoffe trennen und lagern;"""entsprechen Erfordernissen (.*)des Umweltschutzes"", ""abfall- und reststoffe trennen und lagern"",""umweltschützende(|n) Bedeutung darstellen"",";"""comply with environmental protection requirements"",""separating and storing waste and residual materials"",""represent its environmental protection significance"","
52;general;Umwelt…;Gesichtspunkten des Umweltschutzes auswählen und einsetzen;Select and use aspects of environmental protection;"Reinigungs-, Desinfektions- und Pflegemittel, 
insbesondere unter Berücksichtigung 
hygienischer Anforderungen und 
Gesichtspunkten des Umweltschutzes, 
auswählen und einsetzen";Friseur:in-AO;NA;"""Gesichtspunkten des Umweltschutzes (auswählen|einsetzen)"",";"""(select|use) (aspects of environmental protection)"","
53;general;Umwelt…;Gesundheits- und Umweltschutz (Regeln) einhalten;Comply with health and environmental protection (rules);"Sie halten die Regeln zum Arbeits-, Gesundheits- und Umweltschutz ein, ermitteln Möglichkeiten zur Einspa- 
rung von Wasser und führen Berechnungen dazu durch.";Friseur:in-RLP;NA;"""halten (.*) Regeln(.*)Umweltschutz ein"",";"""comply with rules environmental protection"","
54;general;Umwelt…;Mögliche Gefahren für die Umwelt erläutern;Explain possible hazards to the environment;Mögliche Gefahren tür die Umwelt durch unsachgemäße Produktionstechniken und Bauweisen erläutern;Gärtner:in-RLP;NA;"""Mögliche Gefahren für die Umwelt (.*) erläutern"",";"""Explain possible hazards to the environment"","
55;general;Umwelt…;"Werkstoffe und Materialien hinsichtlich ihrer 
Umweltfreundlichkeit bewerten";"Evaluate materials and substances with regard to their 
Evaluate environmental friendliness";"Werkstoffe und Materialien hinsichtlich ihrer 
Umweltfreundlichkeit bewerten und über deren 
Entsorgung berichten";Gärtner:in-RLP;NA;"""Umweltfreundlichkeit bewerten"",";"""Evaluate  environmental friendliness"","
56;general;Umwelt…;Sicherheits- und Umweltvorschriften beachten;Comply with safety and environmental regulations;Sie wählen die notwendigen Werkzeuge und Hilfsmittel für die Reparatur aus und beachten für sämtliche Reparaturarbeiten geltende Sicherheits- und Umweltvorschriften.;KFZ-Mechantroniker_RLP;NA;"""beachten(.*) Umweltvorschriften"",";"""Comply with environmental regulations"","
57;general;Energie;berücksichtigen Energieeinsparungen, bewerten;take into account and evaluate energy savings;"Die Schülerinnen und Schüler berücksichtigen Gesichtspunkte der Energieeinsparung.;automatisierungstechnische Anlagen des Kunden hinsichtlich Funktionalität und Zukunftssicherheit, gesetzlicher Vorgaben, Energieeffizienz und möglicher Energieeinsparungen sowie Wirtschaftlichkeit bewerten (AO_Elektroniker, S. 13: 1774)";"Zimmerer:in-RLP; Elektroniker:in-AO; Fachinformatiker";NA;"""berücksichtigen (.*) Energieeinsparungen"",  ""(Energieeffizienz|Energieeinsparungen) (.*)bewerten"",""ermitteln (.*) Energieeffizienz"",";"""(take into account|evaluate) (energy savings)"","
58;general;Energie;Möglichkeiten der Energieeinsparung nutzen;Exploit opportunities for energy savings;Sie nutzen Möglichkeiten der Energieeinsparung und planen die umweltgerechte Wiederverwertung und Entsorgung von Materialien und Geräten entsprechend den rechtlichen Vorschriften.;MFA-RLP;NA;"""nutzen Möglichkeiten der Energieeinsparung"",";"""Exploit opportunities for energy savings"","
59;general;Energie;Energiesparmaßnahmen;Energy saving measures;Energiesparmaßnahmen;Friseur:in-RLP;NA;"""Energiesparmaßnahmen"",";"""Energy saving measures"","
60;general;Energie;Energie sparsam einsetzen;Use energy economically;Im Lager und beim Umgang mit Verpackungen ökonomische und ökologische Anforderungen berücksichtigen, insbesondere Energie sparsam einsetzen;Kaufmann/frau-Einzelhandel- AO,;NA;"""Energie sparsam einsetzen"",";"""Use energy economically"","
61;general;Kreislaufwirtschaft;Entsorgungs- und Recyclingrichtlinien beachten;Comply with disposal and recycling guidelines;"Die Schülerinnen und Schüler beachten bei der Projektrealisierung Recyclingmöglichkeiten und Umweltverträglichkeiten. Die Schülerinnen und Schüler beachten bei der Projektrealisierung Recyclingmöglichkeiten und Umweltverträglichkeiten. Sie halten die Entsorgungs- und Recyclingvorschriften sowie die Bestimmungen des betrieblichen Qualitätsmanagements ein; Möglichkeiten des Recyclings nutzen;";Elektroniker-RLP, Fachinformatiker-RLP, KFZ-Mechatroniker-RLP;Entsorgungs- und Recyclingvorschriften;"""beachten (.*)(Recyclingmöglichkeiten|Umweltverträglichkeiten|Entsorgungsvorschriften|Recyclingvorschriften|Recyclingrichtlinien)"", ""halten(.*) Recyclingvorschriften (.*) ein."", ""Möglichkeiten des Recycling nutzen"",";"""Comply with recycling guidelines"",""Exploit the possibilities of recycling"","
62;general;Kreislaufwirtschaft;schadstoffhaltige Komponenten und Geräte identifizieren;Identify components and devices containing pollutants;"schadstoffhaltige Komponenten und Geräte identifi- 
zieren und der Entsorgung zuführen";Elektroniker:in-AO;NA;"""schadstoffhaltige (Komponenten|Geräte) identifizieren"",";"""Identify components and devices containing pollutants"","
63;general;Kreislaufwirtschaft;Lieferketten und Produktionsbedingungen kennen und hinsichtlich Nachhaltigkeit einschätzen/beurteilen;Know supply chains and production conditions and assess/evaluate them in terms of sustainability.;"Die Lernenden kennen die Eckpunkte der Lieferketten und produktionsbedingungen und können sie hinsichtlich Nachhaltigkeit einschätzen; Die Lernenden führen eine Recherche zu sozialen, ökonomischen und ökologischen Bedingungen in Lieferketten von Produkten durch.";Modellversuchsforschung;NA;"""(Lieferketten|Produktionsbedingungen)(.*) Nachhaltigkeit (einschätzen|beurteilen)"", ""führen (.*) Recherche (.*) (sozialen|ökologischen) Bedingungen in Lieferketten von Produkten durch"",";"""(supply chains|production conditions)(.*) sustainability (assess|evaluate)"", ""research (.*) (social|ecological) conditions in supply chains of products"","
64;general;Kreislaufwirtschaft;Wertschöpfungskette darstellen, einordnen;Present, classify value chain;"Organisation, Leistungen und Aufgaben entlang der Wertschöpfungskette des 
Ausbildungsbetriebes darstellen";Kaufmann/frau-Einzelhandel-AO;NA;"""entlang der Wertschöpfungskette (.*)darstellen"",";"""represent along the value chain"","
65;general;Intergenerationelle Betrachtung;Zukunftsfähigkeit, reflektieren;reflect sustainibility;Sie reflektieren ihre Lösung unter Berücksichtigung der Kundenzufriedenheit, Zukunftsfähigkeit und Vorgehensweise.;Fachinformatiker:in-RLP;NA;"""reflektieren (.*)Zukunftsfähigkeit"",";"""reflect sustainibility"","
66;general;Intergenerationelle Betrachtung;hinterfragen eigene Einstellung, respektieren die Vorstellungen anderer und ziehen Schlussfolgerungen für ihr zukünftiges Handeln.;question their own attitudes, respect the ideas of others and draw conclusions for their future actions.;Sie hinterfragen die eigene Einstellung, respektieren die Vorstellungen anderer und ziehen Schlussfolgerungen für ihr zukünftiges Handeln.;Kaufmann/frau Büromanagement-RLP;NA;"""hinterfragen die eigene Einstellung, respektieren die Vorstellungen anderer und ziehen Schlussfolgerungen für ihr zukünftiges Handeln"",";"""question their own attitudes, respect the ideas of others and draw conclusions for their future actions."","
67;general;Ressourcenschonend;Berücksichtigung der vorhandenen Ressourcen;Consideration of the available resources;Arbeits- und Organisationsmittel wirtschaftlich und ökologisch unter Berücksichtigung der vorhandenen Ressourcen und der Budgetvorgaben einsetzen;Fachinformatiker-AO;NA;"""Berücksichtigung der vorhandenen Ressourcen"",";"""Consideration of the available resources"","
68;general;Ressourcenschonend;ermitteln Möglichkeiten zur Einsparung von Wasser;Identify ways to save water;Sie halten die Regeln zum Arbeits-, Gesundheits- und Umweltschutz ein, ermitteln Möglichkeiten zur Einsparung von Wasser und führen Berechnungen dazu durch.;Friseur:in-RLP;NA;"""ermitteln Möglichkeiten zur Einsparung von Wasser"",";"""Identify ways to save water"","
69;specific;Gesundheit, Soziales, Lehre und Erziehung (MFA, Bäcker:in);"Impfstoffe beachten, lagern, ; Impfmanagement mitwirken";"Observe, store vaccines; participate in vaccination management.";"Voraussetzungen und Vorschriften zur  Abgabe und Handhabung verschiedener Arzneimittel, Sera, Impfstoffe beachten;  Verordnung von Arzneimitteln vorbereiten  und abgeben; über Möglichkeiten der aktiven und passiven Immunisierung informieren; Impfpass führen;  bei Impfmanagement mitwirken";MFA-AO;NA;"""Impfstoff[en]*"", ""Impfmanagement"", ""Impfpass"",";"""vaccine[s]*"", ""immunization management"", ""immunization record."","
70;specific;Gesundheit, Soziales, Lehre und Erziehung (MFA, Bäcker:in);Schutz vor Infektionskrankheiten beachten, beschreiben;Observe, describe  protection against infectious diseases;"""Schutz vor Infektionskrankheiten"" ""Hauptsymptome und Krankheitsbilder von Infektionskrankheiten beschreiben""";MFA-AO;NA;"""Schutz vor Infektionskrankheiten"",";"""Protection from Infectious Diseases"","
71;specific;Gesundheit, Soziales, Lehre und Erziehung (MFA, Bäcker:in);Beratung über gesundheitsfördernde Ernährung;Advice on a healthy diet;Beratung über gesunde Ernährung: Bedeutung der Inhaltsstoffe von Backwaren und Bäckereierzeugnissen, insbesondere Mineralstoffe, Vitamine, Ballaststoffe, Verdaulichkeit der Nährstoffe;Bäcker:in-RLP;NA;"""gesundheitsfördernde Ernährung"",";"""health-promoting diet."",""health-promoting nutrition"","
72;specific;Gesundheit, Soziales, Lehre und Erziehung (MFA, Bäcker:in);klimafreundliche Ernährung;climate friendly nutrition;Beratung über gesunde Ernährung: Bedeutung der Inhaltsstoffe von Backwaren und Bäckereierzeugnissen, insbesondere Mineralstoffe, Vitamine, Ballaststoffe, Verdaulichkeit der Nährstoffe;Modellversuchsforschung;NA;"""klimafreundliche Ernährung"",";"""climate friendly nutrition"","
73;specific;Gesundheit, Soziales, Lehre und Erziehung (MFA, Bäcker:in);Maßnahmen zur Vermeidung und Verwertung von Lebensmittelverlusten;Measures for the prevention and recovery of food losses;Beratung über gesunde Ernährung: Bedeutung der Inhaltsstoffe von Backwaren und Bäckereierzeugnissen, insbesondere Mineralstoffe, Vitamine, Ballaststoffe, Verdaulichkeit der Nährstoffe;Modellversuchsforschung;NA;"""Maßnahmen zur Vermeidung und Verwertung von Lebensmittelverlusten"",";"""Measures for the prevention and recovery of food losses"","
74;specific;Gesundheit, Soziales, Lehre und Erziehung (MFA, Bäcker:in);Erhalt wertgebender Inhaltsstoffe;Preservation of valuable ingredients;Beratung über gesunde Ernährung: Bedeutung der Inhaltsstoffe von Backwaren und Bäckereierzeugnissen, insbesondere Mineralstoffe, Vitamine, Ballaststoffe, Verdaulichkeit der Nährstoffe;Modellversuchsforschung;NA;"""Erhalt wertgebender Inhaltsstoffe"",";"""Preservation of valuable ingredients"","
75;specific;Gesundheit, Soziales, Lehre und Erziehung (MFA, Bäcker:in);lebensmittelschonende Verfahren;food saving processes;Beratung über gesunde Ernährung: Bedeutung der Inhaltsstoffe von Backwaren und Bäckereierzeugnissen, insbesondere Mineralstoffe, Vitamine, Ballaststoffe, Verdaulichkeit der Nährstoffe;Modellversuchsforschung;NA;"""lebensmittelschonende Verfahren"",";"""food saving processes"","
76;specific;Bau, Architektur, Vermessung und Gebäudetechnik (Zimmerer:in, Anlagenmechaniker, Elektroniker:in);Ökologische Bedeutung des Waldes erkennen;Recognize the ecological importance of the forest;ie erkennen die gesellschaftliche und ökologische Bedeutung des Waldes.;Zimmerer:in-RLP;NA;"""erkennen(.*) Ökologische Bedeutung des Waldes"",";"""Recognize the ecological importance of the forest"","
77;specific;Bau, Architektur, Vermessung und Gebäudetechnik (Zimmerer:in, Anlagenmechaniker, Elektroniker:in);Niedrigenergiehaus warten, überprüfen, erhalten;maintain, check, preserve low energy house;Neben der Instandsetzung der Oberflächenbeschichtung der hölzernen Außenfassade sind die bauphysikalischen Eigenschaften eines Niedrigenergiehauses zu erhalten.;Zimmerer:in-RLP;NA;"""Eigenschaften (.*) Niedrigenergiehauses (.*) erhalten"",";"""preserve low energy house"","
78;specific;Bau, Architektur, Vermessung und Gebäudetechnik (Zimmerer:in, Anlagenmechaniker, Elektroniker:in);Ressourcenschonende Techniken berücksichtigen, unterscheiden, einsetzen;Consider, distinguish, use resource-saving techniques;ressourcenschonende Techniken zur Energie- und Wassernutzung unterscheiden und berücksichtigen;Anlagenmechaniker SHK -AO;NA;"""ressourcenschonende Techniken (.*)berücksichtigen"",";"""consider resource-saving techniques"","
79;specific;Bau, Architektur, Vermessung und Gebäudetechnik (Zimmerer:in, Anlagenmechaniker, Elektroniker:in);regenerative Energien berücksichtigen, unterscheiden;consider, distinguish regerenative energies;Nutzungsmöglichkeiten von regenerativen Energien unterscheiden und berücksichtigen;Anlagenmechaniker SHK -AO;NA;"""(regenerative|alternative)[n]? (Energie|Energiequelle)[n]? (berücksichtigen|unterscheiden)"",";"""(consider|distinguish) (regenerative energies)"","
80;specific;Bau, Architektur, Vermessung und Gebäudetechnik (Zimmerer:in, Anlagenmechaniker, Elektroniker:in);gewerkeübergreifende Schnittstellen erkennen und berücksichtigen;Recognize and consider cross-trade interfaces;"gewerkeübergreifende Schnittstellen erkennen und berücksichtigen; Auftragsdurchführung mit anderen Beteiligten, insbesondere mit anderen Gewerken, abstimmen; Hierbei beachten sie eine effiziente Betriebsweise des Gesamtsystems, erkennen dabei gewerkeübergreifende Schnittstellen und berücksichtigen diese.";Anlagenmechaniker SHK -AO, Anlagenmechaniker SHK - RLP;NA;"""gewerkeübergreifende Schnittstellen(.*)(erkennen |berücksichtigen)"", ""Gewerken, abstimmen"", ""erkennen (.*)gewerkeübergreifende Schnitt(.*)stellen(.*)berücksichtigen"",";"""(recognize|consider) (cross-trade interfaces)"","
81;specific;Bau, Architektur, Vermessung und Gebäudetechnik (Zimmerer:in, Anlagenmechaniker, Elektroniker:in);Alternative Energiequellen, sich informieren;get informed about alternative energy sources;"Geräte mit Kältekreislauf zur Nutzung von regenerativen Energiequellen für die Wärme- und Kälteversorgung unterscheiden; Nutzungsmöglichkeiten von regenerativen Energien unterscheiden und berücksichtigen";Anlagenmechaniker SHK -AO, Anlagenmechaniker SHK - RLP, Elektroniker-AO, Elektroniker-RLP;NA;"""informieren sie sich über (regenerative|alternative) Energiequellen"", ""(regenerative|alternative) Energiequellen (.*) (unterscheiden|berücksichtigen)"",";"""get informed about (alternative|regerative) energy sources"","
82;specific;Bau, Architektur, Vermessung und Gebäudetechnik (Zimmerer:in, Anlagenmechaniker, Elektroniker:in);rationeller Energieverwendung sowie Wirtschaftlichkeit bewerten, beraten;provide advice on the economic efficiancy;"energie- und gebäudetechnische Anlagen des Kunden hinsichtlich Funktionalität und Zukunftssicherheit, gesetzlichen Vorgaben, rationeller Energieverwendung sowie Wirtschaftlichkeit bewerten; Kunden hinsichtlich rationeller Energieverwendung, 
Wirtschaftlichkeit und des Wandels in der System- 
technik beraten (AO_Elektroniker, S. 10: 364) AO-D2";Elektroniker:in-AO;NA;"""rationeller Energieverwendung (.*)(bewerten|beraten)"",";"""provide advice on the economic efficiancy"","
83;specific;Bau, Architektur, Vermessung und Gebäudetechnik (Zimmerer:in, Anlagenmechaniker, Elektroniker:in);regenerative Energiequellen installieren und in Betrieb nehmen;install and commission renewable energy sources;"dezentrale Energieversorgungs- und Energiewand- 
lungssysteme einschließlich Nutzung regenerativer 
Energiequellen installieren und in Betrieb nehmen.";Elektroniker:in-AO;NA;"""regenerative[r] Energiequellen (.*)installieren"",";"""install renewable energy sources"","
84;specific;Rohstoffgewinnung, Produktion und Fertigung (KFZ-Mechatronker:in);sicherheits- und umweltrelevanten Baugruppen des Fahrzeuges bewusst sein;be aware of safety and environmentally relevant assemblies of the vehicle;"Sie sind sich der Bedeutung der Überprüfung der sicherheits- und umweltrelevanten Baugruppen des Fahrzeuges bewusst und schätzen die Folgewirkungen für den Straßenverkehr bei Nichteinhaltung der Vorgaben ein;";KFZ-Mechatroniker-RLP;NA;"""umweltrelevanten Baugruppen (.*)bewusst"",";"""be aware of environmentally relevant assemblies"","
85;specific;Kaufmännische Dienstleistungen, Warenhandel, Vertrieb, Hotel und Tourismus (Einzelhandelkaufleute);analysieren externe Kosten und Effekte;analyze external costs and effects;"""wareneinkauf, warenverkauf umsatzsteuer abschreibungen kostenarten, kostenstellen, verteilungsrechnen externe kosten nachkalkulation rentabilitätskennziffern, wirtschaftlichkeit warenwirtschaftssystem auswirkungen auf den einfachen wirtschaftskreislauf """;"Einzelhandelskaufmann/-frau-RLP; Modellversuchsforschung";NA;"""analysieren (.*)externe kosten"", ""externe Effekte (berücksichtigen|beachten)"", ""externalisierte Kosten (berücksichtigen|beachten)"",";"""analyze external costs and effects"",""consider external costs and effects"","
86;specific;Kaufmännische Dienstleistungen, Warenhandel, Vertrieb, Hotel und Tourismus (Einzelhandelkaufleute);anwenden einer nachhaltig orientierten Beratung und Sortimentsgestaltung;apply sustainability-oriented consulting and product range design;Die Lernenden wenden eine nachhaltig orientierte Beratung und Sortimentsgestaltung an.;Modellversuchsforschung;NA;"""wenden eine nachhaltig orientierte (Beratung|Sortimentsgestaltung) an"",";"""apply a sustainability-oriented (consulting|assortment design)"","
87;specific;Kaufmännische Dienstleistungen, Warenhandel, Vertrieb, Hotel und Tourismus (Einzelhandelkaufleute);Nachhaltigkeitsaspekte in Gesprächen verkaufsfördernd einsetzen.;use sustainability aspects in conversations to promote sales.;Sie setzen relevante Nachhaltigkeitsaspekte ( in Gesprächen mit Kunden und Kundinnen verkaufsfördernd ein.;Modellversuchsforschung;NA;"""setzen Nachhaltigkeitsaspekte in Gesprächen mit Kund(innen|en) verkaufsfördernd ein"",";"""use sustainability aspects in conversations with customers to promot sales"","
88;specific;Kaufmännische Dienstleistungen, Warenhandel, Vertrieb, Hotel und Tourismus (Einzelhandelkaufleute);Nachhaltigkeitslabels und -zertifizierungen kritisch beurteilen.;critically evaluate sustainability labels and certifications.;Sie beurteilen die Aussagekraft von Nachhaltigkeitslabels, -zertifizierungen und -siegel (Öko, Bio, Fairetrade, MSC, FSC etc.). hinsichtlich ökonomische, ökologische, soziale und kulturelle Faktoren von;Modellversuchsforschung;NA;"""beurteilen die Aussagekraft von (Labels|Zertifizierungen|Gütesiegeln) hinsichtlich (ökologischer|sozialer|kultureller) Faktoren"",";"""assess the validity of (labels|certifications|seals of quality) in terms of (environmental|social|cultural) factors."","
89;specific;Kaufmännische Dienstleistungen, Warenhandel, Vertrieb, Hotel und Tourismus (Einzelhandelkaufleute);nachhaltigkeitsorientierte Kundengruppen, Konsumstile und Trends beachten;Observe sustainability-oriented customer groups, oberserve consumption styles and trends;Sie beachten nachhaltigkeitsorientierte Kundengruppen, Konsumstile und Trends (LOHAS, zero waste, vegetarisch, Minimalismus etc.);Modellversuchsforschung;NA;"""beachten nachhaltigkeitsorientierte (Kundengruppen|Konsumstile|Trends)"",";"""observe sustainability-oriented (customer groups|consumption styles|trends)"","
90;specific;Kaufmännische Dienstleistungen, Warenhandel, Vertrieb, Hotel und Tourismus (Einzelhandelkaufleute);beachten, berücksichtigen von Nachhaltigkeitsmerkmalen bei der Gewichtung in qualitativen Angebotsvergleichen;observe, take into account sustainability features in the evaluation of qualitative comparisons of offers;Sie beachten bzw. berücksichtigen Nachhaltigkeitsmerkmale bei der Gewichtung in qualitativen Angebotsvergleichen;Modellversuchsforschung;NA;"""(beachten|berücksichtigen) Nachhaltigkeitsmerkmale (.*) Angebotsvergleichen"",";"""(note|consider) sustainability features (.*) bid comparisons"","
91;specific;Kaufmännische Dienstleistungen, Warenhandel, Vertrieb, Hotel und Tourismus (Einzelhandelkaufleute);Konzepte kaufmännischer Ethik berücksichtigen;consider concepts of commercial ethics;"Konzepte kaufmännischer Ethik (CSR, Corporate Citzenship, Ehrbarer Kaufmann) berücksichtigen;";Modellversuchsforschung;NA;"""Konzepte kaufmännischer Ethik (.*)berücksichtigen"",";"""consider concepts of commercial ethics"","
92;specific;"Unternehmensorganisation, Buchhaltung, Recht und Verwaltung (Industriekaufmann/frau; Kaufmann/Kauffrau für Büromanagement (ggf. mit Vorgänger)";beachten Aspekte nachhaltigen Wirtschaftens;adhere to aspects of sustainable management;Die Schülerinnen und Schüler ermitteln den Bedarf an betriebsnotwendigen Gütern und beachten dabei das ökonomische Prinzip sowie Aspekte des nachhaltigen Wirtschaftens.;Kaufmann/frau Büromanagement-RLP;NA;"""beachten (.*) Aspekte nachhaltigen Wirtschaftens"",";"""adhere to aspects of sustainable management"","
93;specific;Land-, Forst- und Tierwirtschaft und Gartenbau (Gärnter:in);"Notwendigkeit einer 
umweltschonenden Nährstoffversorgung der 
Kulturpflanzen herleiten";"derive necessity of an 
environmentally friendly nutrient supply of 
crops";"Notwendigkeit einer ausreichenden und 
umweltschonenden Nährstoffversorgung der 
Kulturpflanzen herleiten und geeignete Düngemittel systematisieren";Gärtner:in-RLP;NA;"""Notwendigkeit (.*) umweltschonenden Nährstoffversorgung der Kulturpflanzen herleiten"",";"""derive necessity of an environmentally friendly nutrient supply of crops"","
94;specific;Land-, Forst- und Tierwirtschaft und Gartenbau (Gärnter:in);"Auswirkungen des Artenschutzes auf Anbau und 
Handel von Pflanzen erläutern";explain effects of species protection on the cultivation and trading plants;"Auswirkungen des Artenschutzes auf Anbau und 
Handel von Pflanzen erläutern";Gärtner:in-RLP;NA;"""Auswirkungen des Artenschutzes (.*) erläutern"",";"""Explain effects of species protection"","
95;specific;Land-, Forst- und Tierwirtschaft und Gartenbau (Gärnter:in);umweltschonende Düngung mitwirken;contribute to environmentally friendly fertilization;"bei der bedarfsgerechten und umweltschonenden Düngung mitwirken; Düngemittel und -verfahren auswählen sowie bedarfsgerecht  und umweltschonend düngen; Pflanzenschutzmaßnahmen bedarfsgerecht und umweltschonend durchführen; Strategien für umweltschonende Düngung";Gärtner:in-AO, Gärtner:in-RLP;NA;"""umweltschonende Düngung mitwirken"", ""umweltschonend düngen"", ""Pflanzenschutzmaßnahmen (.*) umweltschonend durchführen"",";"""contribute to environmentally friendly fertilization"", ""fertilize in an environmentally friendly way"", ""carry out plant protection measures in an environmentally friendly way"","
96;specific;Verkehr, Logistik, Schutz und Sicherheit (Fachkraft für Lagerlogistik (ggf. mit Vorgänger) (IH/HwEx) (PDF, 273 KB);Transportverpackungen und Füllmaterialien hinischtlich Umweltverträglichkeit auswählen;select transport packaging and filling materials with regard to environmental compatibility;"Transportverpackungen und Füllmaterialien hinsichtlich Güterart, Transportart, Umweltverträglichkeit und Wirtschaftlichkeit auswählen; Sie setzen sich für einen art- und umweltgerechten Umgang mit den empfangenen Verpackungen ein.";"Fachkraft für Lagerlogisik - AO;";NA;"""Transportverpackungen und Füllmaterialien (.*) Umweltverträglichkeit auswählen"", ""setzen (.*) umweltgerechten Umgang (.*) Verpackungen ein"",";"""select transport packaging and filling materials in regard to their environmental compatibility"", ""use environmentally friendly packaging"","
97;specific;Verkehr, Logistik, Schutz und Sicherheit (Fachkraft für Lagerlogistik (ggf. mit Vorgänger) (IH/HwEx) (PDF, 273 KB);Tourenplan unter umweltspezifischen Gesichtpunkten erstellen;create tour plan from an environmental point of view;Sie erstellen einen Tourenplan unter wirtschaftlichen, infrastrukturellen, terminlichen und umweltspezifischen Gesichtspunkten.;"Fachkraft für Lagerlogisik - RLP;";NA;"""erstellen einen Tourenplan unter (.*) umweltspezifischen Gesichtspunkten"",";"""create tour plan from an environmental point of view"","
98;specific;Verkehr, Logistik, Schutz und Sicherheit (Fachkraft für Lagerlogistik (ggf. mit Vorgänger) (IH/HwEx) (PDF, 273 KB);bewahren anfallende Verpackungen auf;store accrued packaging;Sie bewahren anfallende Verpackungen auf oder führen sie einer umweltgerechten Entsorgung zu;"Fachkraft für Lagerlogisik - RLP;";NA;"""bewahren anfallende Verpackungen auf"",";"""store accrued packaging"","
99;specific;Verkehr, Logistik, Schutz und Sicherheit (Fachkraft für Lagerlogistik (ggf. mit Vorgänger) (IH/HwEx) (PDF, 273 KB);reflektieren Folgen fehlerhaftes Verladen auf Gesellschaft, Umwelt und Wirtschaft;reflect consequences of incorrect loading on society, environment and economy;Die Schülerinnen und Schüler reflektieren die Folgen fehlerhaften Verladens auf Gesellschaft, Umwelt und Wirtschaft.;"Fachkraft für Lagerlogisik - RLP;";NA;"""reflektieren die Folgen fehlerhaften Verladens auf Gesellschaft, Umwelt und Wirtschaft"",";"""reflect consequences of incorrect loading on society, environment and economy"","
100;specific;Verkehr, Logistik, Schutz und Sicherheit (Fachkraft für Lagerlogistik (ggf. mit Vorgänger) (IH/HwEx) (PDF, 273 KB);beachten bzw. berücksichtigen nachhaltige Mobilitäts-, Logistik- und Lagerkonzepte;consider resp. take into account sustainable mobility, logistics and storage concepts;Sie beachten bzw. berücksichtigen nachhaltige Mobilitäts-, Logistik- und Lagerkonzepte (Green Logistics, Just-in-Time/On Demand …);Modellversuchsforschung;NA;"""(beachten|berücksichtigen) nachhaltige (Mobilitätskonzepte|Logistikkonzepte|Lagerkonzepte)"",";"""(observe|consider) sustainable (mobility concepts|logistics concepts|storage concepts)"","
101;specific;Verkehr, Logistik, Schutz und Sicherheit (Fachkraft für Lagerlogistik (ggf. mit Vorgänger) (IH/HwEx) (PDF, 273 KB);nachhaltikeitsrelevante Merkmale von Verkehrsträgern identifizieren;identify sustainability-relevant characteristics of transport modes;Die Lernenden können nachhaltigkeitsrelevante Merkmale von unterschiedlichen Verkehrsträgern identifizieren. Sie greifen auf das Konzept des kombinierten Verkehrs zurück, um den Transport von Produkten und Dienstleistungen zu organisieren.;Modellversuchsforschung;NA;"""nachhaltigkeitsrelevante Merkmale von unterschiedlichen Verkehrsträgern identifizieren"", ""greifen auf das Konzept des kombinierten Verkehrs zurück""";"""identify sustainability-relevant characteristics of different modes of transport"", ""adhere to the concept of combined transport"""
102;specific;Sprach-, Literatur-, Geistes-, Gesellschafts- und Wirtschaftswissenschaften, Medien, Kunst, Kultur und Gestaltung (Fachkraft für Veranstaltungstechnik (IH/HwEx));Keine berufsgruppenspezifischen Schlagwortkombinationen enthalten;NA;Die Lernenden können nachhaltigkeitsrelevante Merkmale von unterschiedlichen Verkehrsträgern identifizieren. Sie greifen auf das Konzept des kombinierten Verkehrs zurück, um den Transport von Produkten und Dienstleistungen zu organisieren.;Modellversuchsforschung;NA; ; 
103;specific;Naturwissenschaft, Geografie und Informatik (Fachinformatiker:in);Keine berufsgruppenspezifischen Schlagwortkombinationen enthalten;NA;Die Lernenden können nachhaltigkeitsrelevante Merkmale von unterschiedlichen Verkehrsträgern identifizieren. Sie greifen auf das Konzept des kombinierten Verkehrs zurück, um den Transport von Produkten und Dienstleistungen zu organisieren.;Modellversuchsforschung;NA; ; 
NA;NA;NA;NA;NA;NA;NA;NA;"),""\\b""))";"),""\\b""))"
